dataset,source,model,feature,eligible_cells,total_cells,r2
gouwens_visp,class,recovery,spike_count,60,60,-6.106419797927589
gouwens_visp,class,recovery,adaptation_ratio,60,60,0.04037771783610733
gouwens_visp,class,sequence_joint,spike_count,60,60,-0.06410193725487456
gouwens_visp,class,sequence_joint,adaptation_ratio,60,60,-0.074365745030754
gouwens_visp,class,sequence_timing,spike_count,60,60,-0.04783591133400633
gouwens_visp,class,sequence_timing,adaptation_ratio,60,60,-0.08882215920470271
gouwens_visp,ephys,recovery,spike_count,60,60,0.7459775855385163
gouwens_visp,ephys,recovery,adaptation_ratio,60,60,0.21810627656171133
gouwens_visp,ephys,sequence_joint,spike_count,60,60,0.7607505945874209
gouwens_visp,ephys,sequence_joint,adaptation_ratio,60,60,0.16823657573064
gouwens_visp,ephys,sequence_timing,spike_count,60,60,0.7735329144737072
gouwens_visp,ephys,sequence_timing,adaptation_ratio,60,60,0.13552916578083163
gouwens_visp,rna,recovery,spike_count,60,60,-5.9097606632836595
gouwens_visp,rna,recovery,adaptation_ratio,60,60,-0.01568292277813277
gouwens_visp,rna,sequence_joint,spike_count,60,60,-0.0502980795088237
gouwens_visp,rna,sequence_joint,adaptation_ratio,60,60,-0.07848826158064992
gouwens_visp,rna,sequence_timing,spike_count,60,60,-0.031281759350127336
gouwens_visp,rna,sequence_timing,adaptation_ratio,60,60,-0.10816552316379746
scala_room_temperature,class,recovery,spike_count,108,108,-8.573968207946754
scala_room_temperature,class,recovery,adaptation_ratio,108,108,-0.44093406916750744
scala_room_temperature,class,sequence_joint,spike_count,108,108,-5.2193424768051635
scala_room_temperature,class,sequence_joint,adaptation_ratio,108,108,-0.2707801265554739
scala_room_temperature,class,sequence_timing,spike_count,108,108,-5.333939466518758
scala_room_temperature,class,sequence_timing,adaptation_ratio,108,108,-0.2852035696628239
scala_room_temperature,ephys,recovery,spike_count,108,108,0.11540691811214188
scala_room_temperature,ephys,recovery,adaptation_ratio,108,108,-0.19063539522753437
scala_room_temperature,ephys,sequence_joint,spike_count,108,108,0.16711312525211774
scala_room_temperature,ephys,sequence_joint,adaptation_ratio,108,108,-0.0243922940847634
scala_room_temperature,ephys,sequence_timing,spike_count,108,108,0.17340976704316247
scala_room_temperature,ephys,sequence_timing,adaptation_ratio,108,108,-0.0442765366111848
scala_room_temperature,rna,recovery,spike_count,108,108,-9.049289027833805
scala_room_temperature,rna,recovery,adaptation_ratio,108,108,-0.4293072871443919
scala_room_temperature,rna,sequence_joint,spike_count,108,108,-5.667822206534893
scala_room_temperature,rna,sequence_joint,adaptation_ratio,108,108,-0.2412483640988652
scala_room_temperature,rna,sequence_timing,spike_count,108,108,-5.751862520169424
scala_room_temperature,rna,sequence_timing,adaptation_ratio,108,108,-0.2616419625695341
