dataset,source,metric,model,eligible_cells,total_cells,baseline_median,new_median,median_paired_delta,improved_fraction
gouwens_visp,class,count_error,sequence_timing,60,60,18.5,10.5,-5.5,0.6166666666666667
gouwens_visp,class,count_error,sequence_joint,60,60,18.5,11.0,-5.5,0.6166666666666667
gouwens_visp,class,early_isi_rmse_ms,sequence_timing,60,60,16.107020523834347,12.925112954653066,-1.2340169649358623,0.65
gouwens_visp,class,early_isi_rmse_ms,sequence_joint,60,60,16.107020523834347,12.755304736989181,-1.3655454279484722,0.6333333333333333
gouwens_visp,class,late_isi_error_ms,sequence_timing,60,60,41.01333333333332,22.490000000000048,-12.65000000000005,0.7333333333333333
gouwens_visp,class,late_isi_error_ms,sequence_joint,60,60,41.01333333333332,24.150000000000006,-12.390000000000022,0.7333333333333333
gouwens_visp,class,adaptation_ratio_error,sequence_timing,60,60,1.054230604894804,0.4181331274102956,-0.41266359213471304,0.8166666666666667
gouwens_visp,class,adaptation_ratio_error,sequence_joint,60,60,1.054230604894804,0.5056858298600684,-0.4144731630684796,0.75
gouwens_visp,ephys,count_error,sequence_timing,60,60,3.0,4.0,0.5,0.26666666666666666
gouwens_visp,ephys,count_error,sequence_joint,60,60,3.0,4.0,0.0,0.2833333333333333
gouwens_visp,ephys,early_isi_rmse_ms,sequence_timing,60,60,8.600626054254887,5.255562070250106,-0.6571894011478441,0.6333333333333333
gouwens_visp,ephys,early_isi_rmse_ms,sequence_joint,60,60,8.600626054254887,5.3420587272308815,-0.9449884612968089,0.6333333333333333
gouwens_visp,ephys,late_isi_error_ms,sequence_timing,60,60,13.906666666666677,14.116666666666674,0.3966666666666656,0.45
gouwens_visp,ephys,late_isi_error_ms,sequence_joint,60,60,13.906666666666677,14.163333333333334,-0.023333333333273074,0.5
gouwens_visp,ephys,adaptation_ratio_error,sequence_timing,60,60,0.3903478780565406,0.2689693459742827,-0.014322457643491368,0.5333333333333333
gouwens_visp,ephys,adaptation_ratio_error,sequence_joint,60,60,0.3903478780565406,0.2675991998851964,-0.014322457643491368,0.55
gouwens_visp,rna,count_error,sequence_timing,60,60,16.5,10.5,-3.5,0.6333333333333333
gouwens_visp,rna,count_error,sequence_joint,60,60,16.5,11.0,-4.0,0.6333333333333333
gouwens_visp,rna,early_isi_rmse_ms,sequence_timing,60,60,14.470980674107174,12.709205191702079,-1.3055820807425107,0.6166666666666667
gouwens_visp,rna,early_isi_rmse_ms,sequence_joint,60,60,14.470980674107174,12.071073023502043,-0.9613148454903424,0.6
gouwens_visp,rna,late_isi_error_ms,sequence_timing,60,60,43.44,20.426666666666662,-9.620000000000044,0.7666666666666667
gouwens_visp,rna,late_isi_error_ms,sequence_joint,60,60,43.44,23.073333333333338,-10.60666666666665,0.75
gouwens_visp,rna,adaptation_ratio_error,sequence_timing,60,60,0.885961327387877,0.40179795121569756,-0.37581867720576173,0.7666666666666667
gouwens_visp,rna,adaptation_ratio_error,sequence_joint,60,60,0.885961327387877,0.4739277225832308,-0.3559710127665,0.8
scala_room_temperature,class,count_error,sequence_timing,108,108,9.0,9.0,-1.0,0.5555555555555556
scala_room_temperature,class,count_error,sequence_joint,108,108,9.0,9.0,-1.0,0.5648148148148148
scala_room_temperature,class,early_isi_rmse_ms,sequence_timing,108,108,13.190056689742441,10.953178784382086,-1.2005149940860447,0.7777777777777778
scala_room_temperature,class,early_isi_rmse_ms,sequence_joint,108,108,13.190056689742441,10.601303623282444,-1.3879099521970604,0.8240740740740741
scala_room_temperature,class,late_isi_error_ms,sequence_timing,108,108,19.293333333333344,19.006666666666682,-0.6000000000000085,0.5462962962962963
scala_room_temperature,class,late_isi_error_ms,sequence_joint,108,108,19.293333333333344,17.826666666666675,-1.0599999999999856,0.5833333333333334
scala_room_temperature,class,adaptation_ratio_error,sequence_timing,108,108,1.0637262832678678,0.8598438358914098,-0.16172462356150252,0.7777777777777778
scala_room_temperature,class,adaptation_ratio_error,sequence_joint,108,108,1.0637262832678678,0.8716270925689259,-0.17490879015384675,0.7777777777777778
scala_room_temperature,ephys,count_error,sequence_timing,108,108,4.5,4.0,0.0,0.39814814814814814
scala_room_temperature,ephys,count_error,sequence_joint,108,108,4.5,4.0,0.0,0.3888888888888889
scala_room_temperature,ephys,early_isi_rmse_ms,sequence_timing,108,108,11.458471155299161,8.054459355706785,-0.9265852957662832,0.6574074074074074
scala_room_temperature,ephys,early_isi_rmse_ms,sequence_joint,108,108,11.458471155299161,8.403424006502956,-0.795321080163556,0.6574074074074074
scala_room_temperature,ephys,late_isi_error_ms,sequence_timing,108,108,10.973333333333358,12.573333333333327,-0.2733333333333121,0.5648148148148148
scala_room_temperature,ephys,late_isi_error_ms,sequence_joint,108,108,10.973333333333358,12.933333333333337,-0.2133333333332983,0.5277777777777778
scala_room_temperature,ephys,adaptation_ratio_error,sequence_timing,108,108,0.9430901950196026,0.9179423773838539,-0.136639756538848,0.6944444444444444
scala_room_temperature,ephys,adaptation_ratio_error,sequence_joint,108,108,0.9430901950196026,0.8570934291704428,-0.13814450867000816,0.6759259259259259
scala_room_temperature,rna,count_error,sequence_timing,108,108,9.5,9.0,-1.0,0.5370370370370371
scala_room_temperature,rna,count_error,sequence_joint,108,108,9.5,8.5,-1.0,0.5648148148148148
scala_room_temperature,rna,early_isi_rmse_ms,sequence_timing,108,108,13.162286567432023,10.852258167227227,-1.3490434952192683,0.75
scala_room_temperature,rna,early_isi_rmse_ms,sequence_joint,108,108,13.162286567432023,10.621142485213934,-1.4785361051363317,0.7777777777777778
scala_room_temperature,rna,late_isi_error_ms,sequence_timing,108,108,19.726666666666656,19.360000000000014,-0.1399999999999859,0.5185185185185185
scala_room_temperature,rna,late_isi_error_ms,sequence_joint,108,108,19.726666666666656,18.620000000000005,-0.8666666666666649,0.5555555555555556
scala_room_temperature,rna,adaptation_ratio_error,sequence_timing,108,108,1.0679988834894736,0.8565882889515628,-0.15329449725817856,0.7870370370370371
scala_room_temperature,rna,adaptation_ratio_error,sequence_joint,108,108,1.0679988834894736,0.8717193052574008,-0.17750673737309328,0.7962962962962963
