dataset,source,model,count_error,early_isi_rmse_ms,late_isi_error_ms,adaptation_ratio_error
gouwens_visp,class,recovery,18.5,16.107020523834347,41.01333333333332,1.0542306048948042
gouwens_visp,class,sequence_joint,11.0,12.755304736989181,24.150000000000006,0.5056858298600684
gouwens_visp,class,sequence_timing,10.5,12.925112954653068,22.490000000000048,0.4181331274102957
gouwens_visp,ephys,recovery,3.0,8.600626054254887,13.906666666666677,0.3903478780565406
gouwens_visp,ephys,sequence_joint,4.0,5.3420587272308815,14.163333333333334,0.2675991998851965
gouwens_visp,ephys,sequence_timing,4.0,5.255562070250106,14.116666666666674,0.26896934597428274
gouwens_visp,rna,recovery,16.5,14.470980674107174,43.44,0.8859613273878769
gouwens_visp,rna,sequence_joint,11.0,12.071073023502043,23.073333333333338,0.4739277225832308
gouwens_visp,rna,sequence_timing,10.5,12.709205191702079,20.426666666666662,0.40179795121569756
scala_room_temperature,class,recovery,9.0,13.190056689742441,19.293333333333344,1.0637262832678676
scala_room_temperature,class,sequence_joint,9.0,10.601303623282444,17.826666666666675,0.8716270925689259
scala_room_temperature,class,sequence_timing,9.0,10.953178784382086,19.00666666666668,0.8598438358914098
scala_room_temperature,ephys,recovery,4.5,11.458471155299161,10.973333333333358,0.9430901950196026
scala_room_temperature,ephys,sequence_joint,4.0,8.403424006502956,12.933333333333337,0.8570934291704428
scala_room_temperature,ephys,sequence_timing,4.0,8.054459355706785,12.573333333333327,0.9179423773838539
scala_room_temperature,rna,recovery,9.5,13.162286567432023,19.726666666666656,1.0679988834894736
scala_room_temperature,rna,sequence_joint,8.5,10.621142485213934,18.620000000000005,0.8717193052574008
scala_room_temperature,rna,sequence_timing,9.0,10.852258167227227,19.36000000000001,0.8565882889515628
